time,pair,quoteAmount,open,high,low,close
2024-02-21 00:00:00,WETH/USDT,2850299.529687,3003.649441644711,3021.7576810752225,2867.1658455185784,3002.1981208857515
2024-02-21 00:05:00,WETH/USDT,1335255.665607,3012.9635014744435,3023.397933240287,2951.841657646166,3004.5841328483075
2024-02-21 00:10:00,WETH/USDT,228875.24731,3004.499924008458,3022.598024545884,3002.7855205846886,3004.5067199878285
2024-02-21 00:15:00,WETH/USDT,179348.66398,3004.473296632122,3022.577014011431,3002.851112159982,3002.9627325175466
2024-02-21 00:20:00,WETH/USDT,121113.573467,3022.1185751748685,3022.1975176256083,3003.8589463199996,3003.8589463199996
2024-02-21 00:25:00,WETH/USDT,90109.723312,3021.9922481767453,3021.9922481767453,3002.287132561191,3020.4448741423926
2024-02-21 00:30:00,WETH/USDT,133337.867931,3002.3417874000575,3020.6393739370137,3001.5620986748027,3006.071138158305
2024-02-21 00:35:00,WETH/USDT,2725951.849701,3001.764100663368,3025.8714844646797,2883.1483714617434,3012.846235947502
2024-02-21 00:40:00,WETH/USDT,211674.611866,3000.8143677492094,3019.223703344738,3000.5099098358746,3000.635876708675
2024-02-21 00:45:00,WETH/USDT,406806.482188,3006.4245038194263,3021.3338921826357,3000.511463421093,3006.3812034867724
2024-02-21 00:50:00,WETH/USDT,254161.501309,3018.7597617084984,3019.465467454918,3000.1759857479383,3000.4571039809593
2024-02-21 00:55:00,WETH/USDT,1592399.305348,2999.230889548768,3039.351408647216,2997.4366709161814,3018.177007479766
2024-02-21 01:00:00,WETH/USDT,387321.681415,2999.8720981558963,3017.228724467604,2995.705735612349,2999.2807318789037
2024-02-21 01:05:00,WETH/USDT,253830.888387,3014.2116612295413,3014.3135082362264,2995.5397434948577,2997.421287472892
2024-02-21 01:10:00,WETH/USDT,110253.992573,3014.05212965989,3014.1315579228653,2995.388076905667,3000.7724011566106
2024-02-21 01:15:00,WETH/USDT,75054.301948,3013.6268815736603,3013.902238354726,2995.750858816932,3000.2236442156027
2024-02-21 01:20:00,WETH/USDT,499781.670335,3013.994768838058,3014.202386425285,2992.859848374914,2996.9309316658478
2024-02-21 01:25:00,WETH/USDT,196206.950229,2997.5103507003923,3011.6314482468974,2993.0360519508718,3011.214914801985
2024-02-21 01:30:00,WETH/USDT,963146.663638,2998.8991517115246,3023.8733899284243,2992.701585029773,2996.7425432693994
2024-02-21 01:35:00,WETH/USDT,156633.382625,2996.723597481972,3012.024555342462,2993.001718948838,2993.001718948838
2024-02-21 01:40:00,WETH/USDT,579465.754184,2994.222090761282,3010.657949074853,2979.252754745839,2980.4506698937066
2024-02-21 01:45:00,WETH/USDT,1137460.083493,3010.3056335128017,3010.3056335128017,2975.2983871709484,2990.4242684038554
2024-02-21 01:50:00,WETH/USDT,1424892.715501,2993.532679469244,3011.611008043674,2981.0631027499116,2984.0509871025706
2024-02-21 01:55:00,WETH/USDT,157197.912385,3001.7737973539215,3006.5425176855215,2993.817887731624,3002.2710024748108
2024-02-21 02:00:00,WETH/USDT,970998.035842,2999.354293656884,3006.528880102474,2939.3363538381827,3006.528880102474
2024-02-21 02:05:00,WETH/USDT,647224.947532,3003.2907363788922,3004.03860117472,2969.5934648838,2997.1276292807534
2024-02-21 02:10:00,WETH/USDT,860700.967916,3003.769102278621,3020.2002265374713,2985.7239062931685,2985.7239062931685
2024-02-21 02:15:00,WETH/USDT,469621.248133,2985.70920020334,3006.561448229939,2985.4622724748015,2998.546632943055
2024-02-21 02:20:00,WETH/USDT,641283.181249,2985.4887229046594,3003.617390960436,2965.0437727745566,2980.8832382414353
2024-02-21 02:25:00,WETH/USDT,260181.671024,2994.034088207275,3006.4981745593846,2985.258229220775,2986.389631366946
2024-02-21 02:30:00,WETH/USDT,123836.521427,2988.449667387224,3006.46127360925,2985.88294897494,2998.824742610268
2024-02-21 02:35:00,WETH/USDT,2822677.787907,3004.020233273635,3032.2065707307847,2986.098515559592,3004.376337946428
2024-02-21 02:40:00,WETH/USDT,611247.755631,3005.903323183729,3006.841644570799,2972.918622205147,3002.1194883546123
2024-02-21 02:45:00,WETH/USDT,155272.716657,2989.545282253263,3007.906657181969,2989.3806584613094,2990.025860956414
2024-02-21 02:50:00,WETH/USDT,53232.57052,3005.526611227216,3008.400526598527,2988.932977816956,3005.64554732759
2024-02-21 02:55:00,WETH/USDT,1087307.011966,3031.446339550976,3034.1117506496994,2990.222824682653,3010.9126252367128
2024-02-21 03:00:00,WETH/USDT,97648.826647,3011.304837887732,3011.613201934638,2992.864317839096,3011.613201934638
2024-02-21 03:05:00,WETH/USDT,906566.544981,3005.5017261559724,3012.2733606585143,2977.608489055931,3003.6039392398043
2024-02-21 03:10:00,WETH/USDT,226670.93354,3003.186812634936,3013.2511559487116,2994.4786823273957,3013.2511559487116
2024-02-21 03:15:00,WETH/USDT,260510.012249,2995.361256260051,3013.4184860819664,2992.510679986695,2993.1859625567804
2024-02-21 03:20:00,WETH/USDT,348919.829926,3006.274450459153,3012.228469297967,2993.155434872294,2993.4260462683346
2024-02-21 03:25:00,WETH/USDT,128878.625819,3010.681456199303,3011.5768523845077,2993.2396190921327,3005.5863065827434
2024-02-21 03:30:00,WETH/USDT,3321750.41477,2993.5179444505434,3011.7659268918933,2792.3820397533277,3002.695251239224
2024-02-21 03:35:00,WETH/USDT,562744.511486,3002.409806643025,3023.315287818787,2993.369200906642,3011.4378769259215
2024-02-21 03:40:00,WETH/USDT,2024774.934647,3006.425876348816,3040.6330516140724,2976.2711566767575,3003.692275382629
2024-02-21 03:45:00,WETH/USDT,107007.13452,3005.272868972503,3012.565208573151,2994.043079616876,3012.565208573151
2024-02-21 03:50:00,WETH/USDT,85107.43761,3009.5628245650473,3012.489307558051,2994.063937687003,2994.063937687003
2024-02-21 03:55:00,WETH/USDT,541984.40952,3012.1400449405746,3012.2629708601335,2993.468376323721,3007.432273016616
2024-02-21 04:00:00,WETH/USDT,305099.510587,3005.5275348046994,3012.98357377327,2993.95741719639,3012.98357377327
2024-02-21 04:05:00,WETH/USDT,185455.11476,3008.830990244097,3014.3330267293327,2993.494622404707,3003.943237255979
2024-02-21 04:10:00,WETH/USDT,238990.848954,2996.482064315498,3014.691360647012,2993.4268130234022,3014.607827144456
2024-02-21 04:15:00,WETH/USDT,70340.018358,3009.8785189159953,3014.8376165408117,2993.3827723789323,3014.197840536492
2024-02-21 04:20:00,WETH/USDT,82106.716374,3006.3583558713094,3015.0502863711713,2993.1670117646304,3014.8396316353555
2024-02-21 04:25:00,WETH/USDT,169117.062378,3007.9257150843455,3015.246281331272,2993.6997318024273,2996.8616001950313
2024-02-21 04:30:00,WETH/USDT,403967.079559,3014.966013203125,3014.966013203125,2993.2854835584903,2994.5963457379244
2024-02-21 04:35:00,WETH/USDT,1513737.44174,2994.0043109261856,3005.8402552221714,2975.9583536812033,2987.1281879048565
2024-02-21 04:40:00,WETH/USDT,300472.696943,2994.6939282185162,3005.4949080761717,2987.2332087896993,2987.2673550196955
2024-02-21 04:45:00,WETH/USDT,460849.310391,2993.280725041651,3005.004824752318,2986.643197281293,2987.0012487919516
2024-02-21 04:50:00,WETH/USDT,839679.518095,3005.020322554784,3005.0492667768635,2961.8332618392774,2994.040985108624
2024-02-21 04:55:00,WETH/USDT,112125.487598,3004.9967788583117,3005.2206352965522,2986.8461311869946,2996.9242037078297
2024-02-21 05:00:00,WETH/USDT,203748.840081,2995.4890163838963,3005.3107457935057,2986.8038371273383,3005.2160490188785
2024-02-21 05:05:00,WETH/USDT,695814.599556,2987.2643218691123,3008.461037635401,2973.887767759647,3008.461037635401
2024-02-21 05:10:00,WETH/USDT,623976.781547,3006.5299069774414,3048.3808371097275,2989.47747808538,3005.6914910864284
2024-02-21 05:15:00,WETH/USDT,1166604.354474,3005.0339059949324,3009.5395440203565,2939.6430856166767,3000.679150171344
2024-02-21 05:20:00,WETH/USDT,95109.159352,3000.491307912537,3009.6619282610736,2989.2341530891986,2991.0310400362487
2024-02-21 05:25:00,WETH/USDT,133050.203658,2990.986870232034,3009.038416171199,2989.2249245179146,3009.016981226895
2024-02-21 05:30:00,WETH/USDT,787703.570086,2991.0935585021953,3009.2022781085057,2947.5881133533107,2994.956854418924
2024-02-21 05:35:00,WETH/USDT,545477.938843,3008.7645233451726,3009.059666032495,2989.197743998861,3007.827283853769
2024-02-21 05:40:00,WETH/USDT,3453635.356548,2989.7801558569126,3009.152538228915,2914.668905078494,2977.716349936617
2024-02-21 05:45:00,WETH/USDT,1048066.221726,2995.691265545132,2996.1028088826156,2971.749306999967,2990.316331942532
2024-02-21 05:50:00,WETH/USDT,96973.101708,2990.694943525663,2990.694943525663,2972.2786444954622,2990.1903511669057
2024-02-21 05:55:00,WETH/USDT,719371.325411,2971.317064125983,2990.3106759243883,2947.546359711953,2977.3770938194593
2024-02-21 06:00:00,WETH/USDT,111745.296878,2981.079899720384,2990.002162854735,2970.766881950439,2970.766881950439
2024-02-21 06:05:00,WETH/USDT,573887.438478,2972.904667152347,2989.914993566269,2967.353155482629,2970.9728234289564
2024-02-21 06:10:00,WETH/USDT,948327.529821,2970.8410842869366,2986.8284126725453,2957.4559953644307,2980.1533378487393
2024-02-21 06:15:00,WETH/USDT,130353.146151,2985.472807376145,2985.6607033413625,2967.5867700955832,2985.6607033413625
2024-02-21 06:20:00,WETH/USDT,160215.720784,2985.6910772572296,2986.0804027507916,2967.6961502058507,2968.3691805939657
2024-02-21 06:25:00,WETH/USDT,217758.369979,2974.0680204344517,2986.241982982201,2967.292848068956,2970.670243906491
2024-02-21 06:30:00,WETH/USDT,105039.763212,2973.472932351555,2985.251249137542,2967.2450835485215,2975.4604456003904
2024-02-21 06:35:00,WETH/USDT,651867.452045,2967.013543367767,2985.145181871652,2960.6045263752385,2962.0869337271283
2024-02-21 06:40:00,WETH/USDT,1519622.801267,2959.6201774105302,3029.886330451527,2947.7736393213895,2963.869949737985
2024-02-21 06:45:00,WETH/USDT,1138873.102481,2957.9805351328832,2975.7963909705545,2929.992158387771,2953.315777977648
2024-02-21 06:50:00,WETH/USDT,350055.933194,2952.943433873222,2969.534854155671,2946.851966726354,2947.5234070787637
2024-02-21 06:55:00,WETH/USDT,1136075.912757,2947.184701223077,3018.9027720442323,2945.422239236246,2963.5185081669383
2024-02-21 07:00:00,WETH/USDT,951648.271708,2963.5594553015003,2963.7461381249313,2928.4061938957325,2941.684272866469
2024-02-21 07:05:00,WETH/USDT,1578290.166522,2938.032128892725,2956.758946966837,2904.3435151802187,2947.7840750718883
2024-02-21 07:10:00,WETH/USDT,1246851.616502,2937.237173152175,2948.611236235426,2902.728433325937,2928.517791124084
2024-02-21 07:15:00,WETH/USDT,736286.522656,2943.693485644094,2943.693485644094,2922.2739529233536,2940.42126187533
2024-02-21 07:20:00,WETH/USDT,227537.174205,2943.2069410533895,2943.5087360183193,2924.033786588178,2939.3786845382597
2024-02-21 07:25:00,WETH/USDT,117421.432176,2923.9835137037294,2943.7220681000435,2923.9835137037294,2943.7099015838444
2024-02-21 07:30:00,WETH/USDT,124424.397667,2926.1106105593017,2943.9869418506055,2925.6133220661113,2943.9869418506055
2024-02-21 07:35:00,WETH/USDT,1225554.450976,2935.013024849195,2948.342386626643,2921.719630057472,2944.674543672055
2024-02-21 07:40:00,WETH/USDT,1293151.483214,2937.4501632713627,2961.261885428769,2905.5123003312056,2928.128486062183
2024-02-21 07:45:00,WETH/USDT,205360.171224,2945.7537482310013,2946.2151753617404,2928.4325797396145,2933.0841330372095
2024-02-21 07:50:00,WETH/USDT,1117016.262274,2928.549184669867,2946.1884604486163,2898.988018406623,2946.0463419583953
2024-02-21 07:55:00,WETH/USDT,229295.690115,2940.844154375865,2946.433119644703,2925.8526440838605,2946.4075406515685
2024-02-21 08:00:00,WETH/USDT,195666.263964,2946.4612284686914,2946.7262166291857,2925.644062470422,2927.42280489768
2024-02-21 08:05:00,WETH/USDT,585676.094669,2938.610926149918,2945.3074385911423,2927.450317920239,2942.685234703818
2024-02-21 08:10:00,WETH/USDT,330474.00131,2945.149678190853,2948.0070819625666,2927.5155554347157,2928.341205253059
2024-02-21 08:15:00,WETH/USDT,421837.054476,2939.479517546329,2947.670403595328,2925.927271481653,2928.0640840491556
2024-02-21 08:20:00,WETH/USDT,488599.55648,2937.8843513984534,2951.950136427304,2928.108516951684,2947.6148611824415
2024-02-21 08:25:00,WETH/USDT,1883827.717299,2952.9625743058764,2956.2148108451433,2891.7943676403943,2954.9957792953983
2024-02-21 08:30:00,WETH/USDT,1883297.522614,2954.4517791079347,2968.068051857147,2867.579748331685,2957.8605661675533
2024-02-21 08:35:00,WETH/USDT,176111.081899,2950.268629512941,2958.0754308740816,2938.8183970197933,2940.042429297523
2024-02-21 08:40:00,WETH/USDT,201715.957791,2940.263031857715,2957.966109323923,2936.92506237556,2955.08882852399
2024-02-21 08:45:00,WETH/USDT,76264.262733,2955.272176637153,2956.429375111228,2938.3440738878294,2938.6823059965423
2024-02-21 08:50:00,WETH/USDT,331823.929639,2938.5880250823266,2956.8042506544152,2938.3973226369935,2946.2328652733504
2024-02-21 08:55:00,WETH/USDT,258021.097534,2939.0543405659764,2958.020468201918,2938.2591405558287,2958.020468201918
2024-02-21 09:00:00,WETH/USDT,171407.598246,2940.2854998778903,2955.1773457710287,2936.2087660165125,2936.328929170159
2024-02-21 09:05:00,WETH/USDT,1182944.137161,2936.1284899402062,2953.803826024303,2922.2205964052446,2922.244180372356
2024-02-21 09:10:00,WETH/USDT,1154029.295418,2917.9119116893894,2940.271957257394,2913.5984336713036,2931.151737242982
2024-02-21 09:15:00,WETH/USDT,703439.624665,2931.167294286107,2934.063703262946,2904.8649419132257,2922.9681584544223
2024-02-21 09:20:00,WETH/USDT,2292261.567299,2916.48699189969,2937.3083439030474,2866.503372027078,2937.174374111963
2024-02-21 09:25:00,WETH/USDT,3044077.065669,2937.4062387565023,2948.6811455264933,2906.4326866833158,2908.3627695411096
2024-02-21 09:30:00,WETH/USDT,1862094.638076,2906.7516518839084,2924.4399441663263,2880.8474523713708,2915.840686191176
2024-02-21 09:35:00,WETH/USDT,1411413.374358,2924.2431187508832,2945.492472093179,2902.317988866989,2924.854021445089
2024-02-21 09:40:00,WETH/USDT,1282726.909047,2907.192988931576,2924.2078303638555,2904.5121079381843,2904.81597070799
2024-02-21 09:45:00,WETH/USDT,1459856.657171,2904.801009414229,2923.0965472227326,2878.802065619031,2922.6059448340216
2024-02-21 09:50:00,WETH/USDT,2488510.822572,2914.071560667236,2967.4595551956213,2889.6474431561883,2921.173042832424
2024-02-21 09:55:00,WETH/USDT,3671627.23236,2921.2105152125164,2966.0427571158107,2866.973375756167,2889.5044868508903
2024-02-21 10:00:00,WETH/USDT,1199209.608828,2887.453111999392,2910.3775109075837,2886.940974481508,2892.7104383768874
2024-02-21 10:05:00,WETH/USDT,1861993.758983,2905.1395856555873,2910.5711214514586,2842.278158562013,2892.4574401788714
2024-02-21 10:10:00,WETH/USDT,1178408.683944,2892.2736507398563,2909.8594413517576,2886.7355669317694,2886.7355669317694
2024-02-21 10:15:00,WETH/USDT,2240346.554282,2898.7455331441743,2974.916369511478,2886.620379910903,2909.349220592515
2024-02-21 10:20:00,WETH/USDT,426796.398883,2909.095979730285,2913.747370853899,2895.1212893172865,2909.732231533749
2024-02-21 10:25:00,WETH/USDT,1997286.254273,2896.1513747145045,2942.923376896196,2895.007221567925,2918.6442700932034
2024-02-21 10:30:00,WETH/USDT,1225687.776534,2903.279557115556,2925.0387370344633,2884.77608278971,2914.7464484210554
2024-02-21 10:35:00,WETH/USDT,1067633.388652,2901.52937061826,2918.5565532678957,2881.435748048667,2895.9554510297917
2024-02-21 10:40:00,WETH/USDT,391166.490617,2912.0310822845627,2918.6061542311795,2893.5268313938877,2913.7936933135975
2024-02-21 10:45:00,WETH/USDT,1677984.247655,2896.3462384629665,2922.6755184814124,2854.23647706653,2903.78043057786
2024-02-21 10:50:00,WETH/USDT,1236997.122971,2917.6298705793174,2925.130612488851,2905.3345764612695,2922.8463474281625
2024-02-21 10:55:00,WETH/USDT,1020299.040717,2922.901037038124,2925.8207858989585,2905.47487943551,2916.0901192005554
2024-02-21 11:00:00,WETH/USDT,3457156.098406,2916.5656886452593,2923.576563674966,2892.4648036078243,2922.539693557078
2024-02-21 11:05:00,WETH/USDT,2180821.54655,2922.703560043777,2947.429800944831,2906.003325823932,2926.371909322171
2024-02-21 11:10:00,WETH/USDT,1808961.132107,2908.797134135105,2926.456349849889,2891.6845894304493,2915.285670929889
2024-02-21 11:15:00,WETH/USDT,814806.948454,2912.9754208428603,2926.7091016417476,2908.9270272839167,2914.5650045025777
2024-02-21 11:20:00,WETH/USDT,3796257.830689,2909.20328347503,2948.9320999573424,2892.461302741213,2926.9167943594384
2024-02-21 11:25:00,WETH/USDT,1795444.816992,2915.0802202257364,2929.151430791919,2907.096165942053,2912.948137812228
2024-02-21 11:30:00,WETH/USDT,602881.022893,2906.698460927177,2925.2624511938307,2905.8851280748872,2906.563365863096
2024-02-21 11:35:00,WETH/USDT,7476094.672437,2925.3064732250664,2925.3064732250664,2888.5718316899624,2912.993051767713
2024-02-21 11:40:00,WETH/USDT,2875059.012423,2913.0353209413984,2918.681387769945,2895.5320131145477,2898.1776154379468
2024-02-21 11:45:00,WETH/USDT,1919668.540201,2903.9602900153554,2915.666467473528,2898.139206625592,2900.769976495418
2024-02-21 11:50:00,WETH/USDT,918959.926156,2900.585282813721,2915.5477974864534,2894.958719306649,2895.124656616238
2024-02-21 11:55:00,WETH/USDT,4062500.722239,2893.259450889574,2910.9283628033713,2672.787283384792,2899.240736335397
2024-02-21 12:00:00,WETH/USDT,2071000.732304,2889.210076437827,2907.3838150029865,2886.7497573451315,2889.9836195738967
2024-02-21 12:05:00,WETH/USDT,1643962.946533,2892.1651065609685,2907.567058928319,2880.6383811602477,2891.9450449851615
2024-02-21 12:10:00,WETH/USDT,2203819.565075,2891.1025200327376,2907.0105788015753,2868.8120528503673,2907.0105788015753
2024-02-21 12:15:00,WETH/USDT,2588174.871579,2905.4713183747967,2910.930031055618,2888.6434713945264,2910.5906702676943
2024-02-21 12:20:00,WETH/USDT,939391.413669,2911.932023391329,2912.4732374636087,2894.406786280066,2912.4732374636087
2024-02-21 12:25:00,WETH/USDT,2131586.464819,2895.1023094173065,2923.267829039557,2888.234905760589,2923.004301625525
2024-02-21 12:30:00,WETH/USDT,854243.930556,2923.0113655465634,2923.6476616678033,2903.8507788291413,2916.7760023707356
2024-02-21 12:35:00,WETH/USDT,588570.224496,2914.710868079005,2923.7043260546848,2904.9303467198915,2923.4112843080325
2024-02-21 12:40:00,WETH/USDT,1165648.236667,2923.667522624305,2984.584898273705,2906.2127529872737,2924.482787718455
2024-02-21 12:45:00,WETH/USDT,218139.87167,2907.5156380840417,2925.4473064642557,2907.48882700761,2921.068310452659
2024-02-21 12:50:00,WETH/USDT,1140855.349831,2925.4774344943,2947.373833511327,2907.9290990853783,2916.6012649409145
2024-02-21 12:55:00,WETH/USDT,250366.146712,2916.4156537737877,2925.6886111871268,2907.667966119791,2919.6707203933615
2024-02-21 13:00:00,WETH/USDT,927509.812148,2918.8777364097664,2926.841705869389,2890.04930451347,2923.1094316741237
2024-02-21 13:05:00,WETH/USDT,653665.994525,2923.137061618402,2927.3022286936002,2905.320102136817,2926.9615533762453
2024-02-21 13:10:00,WETH/USDT,131084.330552,2928.4583662704226,2928.4583662704226,2909.3622022374657,2925.2507584365308
2024-02-21 13:15:00,WETH/USDT,1101973.616244,2914.3167227686004,2928.423845080941,2909.57818233926,2914.661781535297
2024-02-21 13:20:00,WETH/USDT,1026602.178501,2917.972545383965,2929.4514031309814,2906.040149326233,2906.1756446814247
2024-02-21 13:25:00,WETH/USDT,493243.572373,2923.6654587330136,2923.7384945637064,2905.133541169258,2905.133541169258
2024-02-21 13:30:00,WETH/USDT,2307367.040462,2922.6682136196605,2922.733886602048,2845.398088175374,2899.8444775250155
2024-02-21 13:35:00,WETH/USDT,476905.585797,2898.2462050492886,2916.093141025075,2897.5687419634264,2899.363195293088
2024-02-21 13:40:00,WETH/USDT,2632890.358638,2899.974024288864,2915.6917240065695,2870.0957812005818,2895.500804116478
2024-02-21 13:45:00,WETH/USDT,313065.615197,2895.369997452149,2912.8443357767937,2894.5686702400712,2903.488771886552
2024-02-21 13:50:00,WETH/USDT,1495530.200794,2911.991976765202,2912.0837225968053,2866.3559638175566,2890.641503574281
2024-02-21 13:55:00,WETH/USDT,828760.159558,2890.413222249136,2908.5773505304287,2889.020406661878,2904.54378373678
2024-02-21 14:00:00,WETH/USDT,3180763.817001,2906.6370532625547,2910.3695754480455,2881.615274778089,2909.526802343893
2024-02-21 14:05:00,WETH/USDT,643011.915376,2909.6501084643214,2910.3387467090834,2892.353375510408,2910.3387467090834
2024-02-21 14:10:00,WETH/USDT,1025874.56232,2892.8401717774723,2911.6081084219786,2892.8401717774723,2911.6081084219786
2024-02-21 14:15:00,WETH/USDT,771914.411012,2911.807736995078,2912.0963181180255,2887.9658461189492,2889.3297937896846
2024-02-21 14:20:00,WETH/USDT,721494.889679,2887.7327941494564,2900.8094676055985,2883.1643464544377,2900.730260297994
2024-02-21 14:25:00,WETH/USDT,1306322.56169,2883.336206157386,2901.0620804749365,2833.348427768204,2883.3937433938527
2024-02-21 14:30:00,WETH/USDT,638945.692243,2883.3721355812904,2899.9675819828876,2881.9003014402824,2899.254007199105
2024-02-21 14:35:00,WETH/USDT,1876011.275864,2891.325319331589,2899.242953131931,2870.739464735375,2889.4621310012535
2024-02-21 14:40:00,WETH/USDT,1221509.086528,2877.6294037350285,2901.76822321728,2877.6294037350285,2893.3361143234974
2024-02-21 14:45:00,WETH/USDT,976897.396915,2900.6305345594537,2902.1272630483286,2883.5822715103022,2902.0872225657727
2024-02-21 14:50:00,WETH/USDT,375231.581502,2884.7248851939585,2903.06008488488,2876.999484245894,2884.9038714318326
2024-02-21 14:55:00,WETH/USDT,154802.605176,2902.24251097831,2904.08166385265,2886.1628857941078,2886.1628857941078
2024-02-21 15:00:00,WETH/USDT,435538.290294,2885.804324201413,2903.04111726992,2883.521843637057,2885.343477904923
2024-02-21 15:05:00,WETH/USDT,1618084.968759,2890.763756114776,2902.701332610541,2835.0021244881627,2884.8020710771243
2024-02-21 15:10:00,WETH/USDT,429362.05877,2878.3835137080455,2897.2269567883313,2878.284992846574,2879.849160199943
2024-02-21 15:15:00,WETH/USDT,1991003.634837,2879.904674804933,2906.753287048681,2879.904674804933,2904.6769571103296
2024-02-21 15:20:00,WETH/USDT,1505866.423712,2887.3269106513108,2914.091515216274,2870.9960128880966,2896.638092440883
2024-02-21 15:25:00,WETH/USDT,1361727.550341,2914.067828041729,2927.9983214378817,2897.9534129249487,2916.392599329548
2024-02-21 15:30:00,WETH/USDT,3349839.221216,2916.8238751387803,2970.376201751643,2897.5784582045644,2897.8744607499752
2024-02-21 15:35:00,WETH/USDT,1055364.097574,2910.8320157566686,2922.85431664572,2897.754996219546,2921.7684573848396
2024-02-21 15:40:00,WETH/USDT,644421.302606,2922.8734194930007,2923.1693664630902,2905.1134779932754,2911.5184676220024
2024-02-21 15:45:00,WETH/USDT,3419741.78116,2905.413127589217,2922.9461116800016,2793.4709624050647,2922.1368275028794
2024-02-21 15:50:00,WETH/USDT,2566683.934636,2912.7201196899528,2946.6056709687455,2903.991813401287,2904.122517807222
2024-02-21 15:55:00,WETH/USDT,209496.830269,2913.8329570369438,2921.998097920722,2904.10316446165,2904.3244249282247
2024-02-21 16:00:00,WETH/USDT,877057.966341,2922.213905780624,2922.7978888752436,2883.216119249143,2916.17806539314
2024-02-21 16:05:00,WETH/USDT,770085.39898,2913.3771719063748,2924.5143693161485,2905.3317827920177,2917.1952841895504
2024-02-21 16:10:00,WETH/USDT,339264.100854,2920.1735175961653,2925.9307859035844,2905.0816115526823,2925.9307859035844
2024-02-21 16:15:00,WETH/USDT,493680.014524,2908.546831498302,2928.701117772652,2908.168478407137,2917.5515313931987
2024-02-21 16:20:00,WETH/USDT,576683.410464,2911.300769780911,2929.404917595219,2911.300769780911,2914.699271671121
2024-02-21 16:25:00,WETH/USDT,500054.320947,2915.061407457527,2929.349464779828,2891.8179039831703,2908.6456477250354
2024-02-21 16:30:00,WETH/USDT,2281593.012381,2910.0624261038647,2950.106191053504,2900.578618166282,2901.003295923733
2024-02-21 16:35:00,WETH/USDT,627126.344218,2907.7660123676987,2920.3396542124538,2901.4428911335954,2919.081163121989
2024-02-21 16:40:00,WETH/USDT,541868.179359,2921.206025773597,2928.235564027702,2901.4023544675647,2928.235564027702
2024-02-21 16:45:00,WETH/USDT,1580286.892787,2925.33397726398,2937.4012025460993,2914.689334459049,2919.685136841605
2024-02-21 16:50:00,WETH/USDT,8909405.43096,2930.6244745322992,3387.3522193464255,2919.8533493201276,2933.515135662031
2024-02-21 16:55:00,WETH/USDT,200499.319814,2930.5378827439563,2937.4008141512422,2918.8030952259055,2919.903017955622
2024-02-21 17:00:00,WETH/USDT,621944.072419,2918.723609195738,2938.058612894625,2914.5540302006366,2931.3369539977934
2024-02-21 17:05:00,WETH/USDT,290239.903604,2931.2392623504998,2937.9931445087577,2918.682715054178,2925.4138670309517
2024-02-21 17:10:00,WETH/USDT,1169669.837718,2896.729512384856,2936.5609683996076,2863.602074475216,2921.991495832296
2024-02-21 17:15:00,WETH/USDT,170529.182203,2918.7975621624046,2936.9559971028066,2918.7740051706087,2921.345754154588
2024-02-21 17:20:00,WETH/USDT,1267595.048071,2921.169406824022,2936.900589429366,2908.8500739133397,2916.7637165311617
2024-02-21 17:25:00,WETH/USDT,128485.04602,2919.730131908841,2930.695389661955,2912.429621164391,2912.429621164391
2024-02-21 17:30:00,WETH/USDT,594576.137787,2929.9870913307223,2930.39285020152,2910.680583951589,2912.1456852989672
2024-02-21 17:35:00,WETH/USDT,811057.400569,2912.020322482753,2929.5982093982443,2906.2571617900076,2909.1403357975173
2024-02-21 17:40:00,WETH/USDT,3250894.938674,2923.7557503070375,2923.776259320669,2885.4988412755024,2900.200892008616
2024-02-21 17:45:00,WETH/USDT,705625.141858,2898.201599082002,2915.8099059231204,2896.7116637439335,2898.063504828505
2024-02-21 17:50:00,WETH/USDT,593374.212316,2900.338659614572,2915.8861913121723,2897.9010030628247,2903.0237950563337
2024-02-21 17:55:00,WETH/USDT,1760686.60407,2897.672297460586,2915.727563286165,2841.6271368432112,2896.7255341564814
2024-02-21 18:00:00,WETH/USDT,1703545.74191,2896.6025253490066,2913.298746517585,2839.351548883967,2899.1926419877555
2024-02-21 18:05:00,WETH/USDT,1387846.836029,2895.6735240919193,2910.231874384079,2866.9151889027794,2910.231874384079
2024-02-21 18:10:00,WETH/USDT,582467.928329,2899.4240770718757,2910.453132718492,2890.5262046382472,2890.679291241618
2024-02-21 18:15:00,WETH/USDT,581365.555768,2903.3487288268566,2908.344149984127,2889.4011143137504,2906.7443773565883
2024-02-21 18:20:00,WETH/USDT,2608736.522485,2889.3490621559818,2908.4455509634013,2882.346473521832,2901.312458516925
2024-02-21 18:25:00,WETH/USDT,1198845.949585,2898.0393199445957,2908.704553881457,2886.2227454588956,2888.257881167281
2024-02-21 18:30:00,WETH/USDT,1175527.209543,2888.1144664661756,2926.6692011902887,2885.3888664344595,2899.75593335866
2024-02-21 18:35:00,WETH/USDT,487820.602291,2887.9171576721883,2905.5242075590295,2885.190002341037,2888.27434861361
2024-02-21 18:40:00,WETH/USDT,379938.752462,2895.53735910506,2905.7465801458848,2888.119226056121,2905.7465801458848
2024-02-21 18:45:00,WETH/USDT,1197851.500407,2905.8362269941636,2906.528395787929,2872.6469680589953,2906.528395787929
2024-02-21 18:50:00,WETH/USDT,179269.704871,2889.112232434317,2906.8902542397623,2889.0726963277243,2897.3690277517676
2024-02-21 18:55:00,WETH/USDT,162308.141503,2897.6239444385883,2906.9759039303394,2885.9382931311275,2905.725439882406
2024-02-21 19:00:00,WETH/USDT,2333382.585909,2899.212324920824,2905.7833268410272,2866.131987578678,2884.5322703323113
2024-02-21 19:05:00,WETH/USDT,2029848.501435,2887.9812388643386,2912.1231785145574,2887.9812388643386,2911.390403753547
2024-02-21 19:10:00,WETH/USDT,284536.587527,2910.0587017405983,2911.8317089650836,2893.8834369226156,2893.8834369226156
2024-02-21 19:15:00,WETH/USDT,3129668.726832,2893.5939384941557,2967.381284425891,2876.7259063473484,2897.172563293189
2024-02-21 19:20:00,WETH/USDT,3129759.347289,2897.128774567058,3089.5092446453364,2893.349128984701,2907.8769273068556
2024-02-21 19:25:00,WETH/USDT,433315.957438,2907.0215906074814,2914.5345657224907,2896.7759637573345,2902.9359117234594
2024-02-21 19:30:00,WETH/USDT,400857.923521,2914.567983619848,2914.7840301210936,2896.971063215063,2909.9916669370136
2024-02-21 19:35:00,WETH/USDT,851355.51695,2909.1000543156733,2914.4990057417845,2889.748309127186,2897.054199430062
2024-02-21 19:40:00,WETH/USDT,941090.798345,2897.012973195194,2914.4764400771783,2896.9300641689483,2914.3159855449735
2024-02-21 19:45:00,WETH/USDT,346772.854732,2905.240181450914,2915.3668182973192,2896.8918340307087,2897.901664484671
2024-02-21 19:50:00,WETH/USDT,445986.442171,2899.271908632847,2916.7294169258976,2897.8723844016063,2908.3728246166515
2024-02-21 19:55:00,WETH/USDT,2482419.188304,2911.2463889987516,2917.063864068736,2849.95448640897,2899.667854494785
2024-02-21 20:00:00,WETH/USDT,1547029.553055,2917.125385844027,2933.6526951019637,2899.9865472870833,2907.892082621854
2024-02-21 20:05:00,WETH/USDT,818718.177838,2917.700988325251,2918.1324746833666,2884.2760266661576,2913.6914963497557
2024-02-21 20:10:00,WETH/USDT,300166.992735,2900.6394299004855,2918.8178234671896,2900.6394299004855,2918.7855125015312
2024-02-21 20:15:00,WETH/USDT,443798.527671,2918.91683773404,2919.4770392088335,2901.379421174422,2901.8179921422015
2024-02-21 20:20:00,WETH/USDT,351660.994564,2901.7019544628633,2919.8349385807537,2899.761426919587,2902.236320733547
2024-02-21 20:25:00,WETH/USDT,360520.612002,2919.8446989443637,2920.0018390906644,2899.7102166946297,2904.051199123467
2024-02-21 20:30:00,WETH/USDT,409996.115839,2901.7783978506072,2919.3933731435172,2901.0047812680327,2906.8116565515447
2024-02-21 20:35:00,WETH/USDT,899877.830951,2918.797400104945,2918.933962201064,2882.3822427704717,2905.2899099743745
2024-02-21 20:40:00,WETH/USDT,287506.01165,2905.2076034987576,2917.316489743153,2899.8197381004293,2910.845622105676
2024-02-21 20:45:00,WETH/USDT,686672.042484,2899.8701072350464,2917.7487284833214,2899.6058288933627,2900.050665191644
2024-02-21 20:50:00,WETH/USDT,14335609.894647,2900.040963152942,3021.315199450346,2734.1900123728315,2905.9148696929888
2024-02-21 20:55:00,WETH/USDT,343503.970384,2901.5602066718975,2918.912715825454,2900.918587878899,2902.8753744444484
2024-02-21 21:00:00,WETH/USDT,394868.603568,2900.8932194718404,2918.4978696034314,2900.793322961617,2918.3332605842647
2024-02-21 21:05:00,WETH/USDT,537500.697406,2900.756747539667,2918.6341709797152,2899.8388397453305,2918.425974641267
2024-02-21 21:10:00,WETH/USDT,292306.241084,2900.9684232486115,2919.118768688158,2899.8443419920154,2913.936974845707
2024-02-21 21:15:00,WETH/USDT,277408.858541,2911.737060991426,2919.6085295064463,2901.9237880028877,2912.1385862207203
2024-02-21 21:20:00,WETH/USDT,2072293.166634,2901.716970015381,2919.563271265768,2899.650670495055,2910.7880701435392
2024-02-21 21:25:00,WETH/USDT,1131773.307704,2913.3923144844603,2929.263353881418,2901.924488051327,2911.696111128866
2024-02-21 21:30:00,WETH/USDT,638061.275153,2918.4914506743676,2930.5065304107807,2912.188177995644,2916.376282804004
2024-02-21 21:35:00,WETH/USDT,1645059.796988,2930.6968699473023,2991.6523619368013,2907.1568024786566,2932.325249825286
2024-02-21 21:40:00,WETH/USDT,1298803.011862,2925.993946639867,2934.202933610622,2866.104726002881,2916.5680853927333
2024-02-21 21:45:00,WETH/USDT,177699.573675,2921.3672766915083,2935.237622743263,2917.0331039556054,2917.557505811982
2024-02-21 21:50:00,WETH/USDT,279410.110645,2923.885314947094,2935.645899176971,2908.7598776854347,2935.645899176971
2024-02-21 21:55:00,WETH/USDT,1394655.77386,2921.8680101765817,2936.763044677022,2862.0430635852404,2926.9275658499037
2024-02-21 22:00:00,WETH/USDT,163206.637103,2918.7750889416775,2936.8872510301685,2918.518499004156,2936.8294182953837
2024-02-21 22:05:00,WETH/USDT,512942.06138,2919.3194638638065,2937.0560335144587,2909.4484827161477,2923.2264454244682
2024-02-21 22:10:00,WETH/USDT,228111.768604,2923.3458478401512,2936.888132203066,2909.3948366103614,2917.079924221533
2024-02-21 22:15:00,WETH/USDT,257680.196656,2915.574297185845,2931.4750276549635,2913.5839423492453,2926.9651412206526
2024-02-21 22:20:00,WETH/USDT,2110958.429395,2918.814894690241,3049.618282687007,2913.592714582392,2931.640393073513
2024-02-21 22:25:00,WETH/USDT,103304.957175,2931.7040669914813,2932.172768669706,2914.5173475950814,2921.909637377881
2024-02-21 22:30:00,WETH/USDT,169897.129602,2932.2345210834665,2932.6483199962386,2914.8919780865554,2922.8727981865914
2024-02-21 22:35:00,WETH/USDT,895029.025147,2932.5778818871895,2932.6285162093777,2894.6373077035323,2914.2837519253117
2024-02-21 22:40:00,WETH/USDT,1444976.053505,2931.820749254846,2982.071090381847,2909.7428779879506,2913.6963672508787
2024-02-21 22:45:00,WETH/USDT,981109.81077,2931.249922307216,2931.9777741176013,2894.150463949947,2913.6799295835317
2024-02-21 22:50:00,WETH/USDT,1859395.083071,2914.6840550600746,2932.9919568049113,2876.7755600562455,2932.430414038706
2024-02-21 22:55:00,WETH/USDT,390973.378388,2932.492520995185,2935.4360591158875,2914.936319840835,2915.59857829077
2024-02-21 23:00:00,WETH/USDT,1457740.442724,2933.3581212986533,2946.1174911608427,2915.9713158087607,2927.1579096189325
2024-02-21 23:05:00,WETH/USDT,426285.838631,2945.9445970211186,2952.1857385499197,2927.1068801364017,2934.1285199539852
2024-02-21 23:10:00,WETH/USDT,152353.519618,2948.7562123565576,2952.2738684874826,2934.0491477204496,2947.556167442802
2024-02-21 23:15:00,WETH/USDT,242152.487501,2950.8021126755934,2953.5083815078565,2934.466401498327,2952.640495636584
2024-02-21 23:20:00,WETH/USDT,400298.607983,2950.2727482259024,2956.2375374986746,2936.5593607344667,2950.779087278002
2024-02-21 23:25:00,WETH/USDT,174529.949387,2938.5235463467325,2957.1133776102597,2936.298516419931,2939.450651009456
2024-02-21 23:30:00,WETH/USDT,4450715.80224,2957.3268454351623,2959.1871549047933,2918.1553848803765,2946.314791321227
2024-02-21 23:35:00,WETH/USDT,1482628.109088,2951.7732610563207,2973.936264603153,2941.539528837682,2956.0989232893276
2024-02-21 23:40:00,WETH/USDT,2415849.466111,2966.6795419181294,2995.6544631487745,2934.762271186418,2963.1170240650713
2024-02-21 23:45:00,WETH/USDT,483827.019014,2973.5489725246034,2987.5978648218083,2962.1246160146356,2980.1537499322394
2024-02-21 23:50:00,WETH/USDT,455452.840669,2973.271728043303,2980.6362064793593,2962.7553174850195,2980.6362064793593
2024-02-21 23:55:00,WETH/USDT,158681.695031,2980.7157043646544,2981.2463370936825,2963.199211800016,2981.0365863788497
2024-02-22 00:00:00,WETH/USDT,458224.304974,2981.1105158975756,2981.3475331184013,2958.562790237199,2960.24678686069
2024-02-22 00:05:00,WETH/USDT,221097.821536,2959.2380737900344,2977.379342216213,2956.0299879598238,2959.1360011302977
2024-02-22 00:10:00,WETH/USDT,243092.479915,2958.9018008985454,2977.6458421609736,2957.0313761671255,2957.0382732987728
2024-02-22 00:15:00,WETH/USDT,1659398.806489,2958.109425313365,3015.2571020270884,2955.3027389875465,2974.4600179468675
2024-02-22 00:20:00,WETH/USDT,267548.364648,2956.488296425267,2974.17461194938,2949.5315029745498,2967.1132026417326
2024-02-22 00:25:00,WETH/USDT,133215.133212,2949.2148211489443,2968.5349522187994,2949.2148211489443,2950.7422703599277
2024-02-22 00:30:00,WETH/USDT,1580060.980768,2952.929760804015,2969.7841913307575,2891.543086717791,2965.1212419030862
2024-02-22 00:35:00,WETH/USDT,1032417.674234,2947.5669912117773,2965.4616529701384,2921.193322329312,2947.307553285355
2024-02-22 00:40:00,WETH/USDT,395597.259953,2949.1583570514513,2965.074595671724,2942.6833122173457,2942.9436127844497
2024-02-22 00:45:00,WETH/USDT,769040.970165,2941.7350862978315,2961.157795304782,2913.156440211171,2941.61697182261
2024-02-22 00:50:00,WETH/USDT,1342103.320701,2959.3164155532227,2960.424417282755,2929.7921023504623,2941.7768699398534
2024-02-22 00:55:00,WETH/USDT,184828.90618,2948.3349866699828,2948.866627972127,2927.8946945920825,2939.6668762138816
2024-02-22 01:00:00,WETH/USDT,231189.893053,2931.197666553994,2950.253013628457,2928.366986302467,2950.253013628457
2024-02-22 01:05:00,WETH/USDT,884835.061438,2935.1041159206106,2950.3944760050267,2905.249923235157,2937.604608198296
2024-02-22 01:10:00,WETH/USDT,196123.316524,2939.9082151651587,2950.382283126747,2932.093723862783,2946.988758205553
2024-02-22 01:15:00,WETH/USDT,143576.998844,2944.1220987971533,2950.5183587572833,2932.7167673689837,2948.130585120222
2024-02-22 01:20:00,WETH/USDT,1002888.458109,2945.5596125255724,2950.2298972142194,2909.690179568271,2932.115576356915
2024-02-22 01:25:00,WETH/USDT,319998.741037,2949.74258202942,2950.0123717966635,2925.685321401694,2940.9598679951328
2024-02-22 01:30:00,WETH/USDT,1167240.16874,2932.3468132033804,2950.0968009641642,2920.8470347832267,2921.9050074206634
2024-02-22 01:35:00,WETH/USDT,591850.085986,2922.436636064346,2947.3817072176766,2919.532431169445,2919.5650619019584
2024-02-22 01:40:00,WETH/USDT,2377105.963975,2937.2348085066114,2937.513122698643,2862.650869913869,2934.792703771683
2024-02-22 01:45:00,WETH/USDT,43529.759457,2921.673783795915,2934.9350152383713,2915.4274028339637,2934.821490599405
2024-02-22 01:50:00,WETH/USDT,1634150.973862,2920.2666805927656,2934.927650088238,2888.9215458826147,2908.318398476677
2024-02-22 01:55:00,WETH/USDT,660745.508717,2907.2660003573187,2925.233019548933,2907.0674125703026,2924.558423763628
2024-02-22 02:00:00,WETH/USDT,821170.748238,2907.034651353605,2925.131596143626,2906.7964665516606,2906.854083142554
2024-02-22 02:05:00,WETH/USDT,265269.655019,2914.2442384834103,2924.3422538103805,2906.6024389552153,2906.909663683463
2024-02-22 02:10:00,WETH/USDT,249262.122222,2924.4458018567652,2925.6455816651264,2907.729976250619,2925.6455816651264
2024-02-22 02:15:00,WETH/USDT,717495.120676,2925.676539306838,2925.762630532081,2907.197863051023,2925.047465376011
2024-02-22 02:20:00,WETH/USDT,879979.426596,2907.644790522307,2947.8843655792543,2907.636496036398,2911.941627077446
2024-02-22 02:25:00,WETH/USDT,64391.120144,2911.9398281987933,2929.17578223213,2910.5416980246264,2928.0369504375576
2024-02-22 02:30:00,WETH/USDT,353815.502187,2928.098197604603,2928.1926091363375,2910.6048596440696,2928.1926091363375
2024-02-22 02:35:00,WETH/USDT,278932.106886,2928.2125924188454,2928.9145249277585,2910.818334183635,2915.437610903653
2024-02-22 02:40:00,WETH/USDT,2532413.161179,2928.8898400883636,3048.953854013138,2910.9038569129266,2929.9292138116475
2024-02-22 02:45:00,WETH/USDT,47769.1089,2930.12370429699,2930.362959279228,2912.601908314796,2921.9151714022496
2024-02-22 02:50:00,WETH/USDT,95621.672577,2930.3837142288517,2930.3837142288517,2910.905695207046,2920.1742297570972
2024-02-22 02:55:00,WETH/USDT,107848.847266,2912.2366331561525,2929.806936996957,2910.9443911645767,2911.0365957056106
2024-02-22 03:00:00,WETH/USDT,500232.150784,2928.5954900545335,2938.0424555010286,2910.900850914765,2910.922710866031
2024-02-22 03:05:00,WETH/USDT,990004.429998,2928.6852561309993,2928.6852561309993,2891.0678674983164,2909.277788868214
2024-02-22 03:10:00,WETH/USDT,183594.266612,2926.6546008001355,2927.6113693530096,2909.6686623853398,2924.274139774489
2024-02-22 03:15:00,WETH/USDT,367196.914733,2910.0166683414336,2932.1392686232366,2910.016614332379,2932.1392686232366
2024-02-22 03:20:00,WETH/USDT,758363.076733,2932.2528943646403,2932.6746172448243,2900.0037393493544,2932.6746172448243
2024-02-22 03:25:00,WETH/USDT,773114.758337,2932.7120793943063,2933.2541027735365,2899.3675352045075,2933.2541027735365
2024-02-22 03:30:00,WETH/USDT,353851.364518,2915.3870017057275,2935.4963380994423,2914.917017013339,2917.4612170310834
2024-02-22 03:35:00,WETH/USDT,260059.365308,2930.8139918370225,2939.2164632652853,2917.4755611712326,2939.2164632652853
2024-02-22 03:40:00,WETH/USDT,120509.070168,2940.20930619869,2940.20930619869,2921.801869936904,2921.801869936904
2024-02-22 03:45:00,WETH/USDT,240985.018671,2939.4098195374468,2940.0494337473715,2918.661539238299,2932.7340339758694
2024-02-22 03:50:00,WETH/USDT,295575.533656,2935.812532629904,2942.2582328645553,2922.335315316247,2937.778533395058
2024-02-22 03:55:00,WETH/USDT,178794.747028,2941.980488820342,2942.7522912793747,2924.2699021086987,2925.1129660954684
2024-02-22 04:00:00,WETH/USDT,958868.688172,2934.7756318717575,2994.4224425999023,2924.677955457969,2924.677955457969
2024-02-22 04:05:00,WETH/USDT,195634.258937,2934.223253337592,2943.1438458371654,2923.2140084109833,2927.822420719615
2024-02-22 04:10:00,WETH/USDT,184677.4906,2924.88019088582,2943.17660299458,2924.88019088582,2943.0522972814756
2024-02-22 04:15:00,WETH/USDT,159982.72506,2925.5770203035477,2943.8436465592354,2925.5770203035477,2936.651978550716
2024-02-22 04:20:00,WETH/USDT,215770.916605,2935.374802376816,2943.572207093301,2925.7122118554385,2927.8020612683804
2024-02-22 04:25:00,WETH/USDT,251483.324417,2943.4035432792034,2944.762617746944,2924.6412031937807,2926.8665297513808
2024-02-22 04:30:00,WETH/USDT,87612.450188,2926.8014776938016,2944.862958017197,2924.270874798339,2924.270874798339
2024-02-22 04:35:00,WETH/USDT,52509.247975,2943.860822832779,2943.860822832779,2924.9331221908,2925.1187865521388
2024-02-22 04:40:00,WETH/USDT,405542.498136,2942.8455322873456,2942.976485252005,2924.369649700593,2942.3447472187736
2024-02-22 04:45:00,WETH/USDT,314787.212845,2942.3792122959007,2942.450817574709,2922.104026869961,2941.318730839203
2024-02-22 04:50:00,WETH/USDT,951821.951798,2941.6617740792785,2941.6695790230146,2893.2973512547455,2921.2730509495314
2024-02-22 04:55:00,WETH/USDT,813390.604168,2923.5687664812717,2939.1475491359574,2894.5714281904943,2921.537247660877
2024-02-22 05:00:00,WETH/USDT,176804.120556,2926.6338043696956,2939.886701624751,2921.3989547978754,2939.886701624751
2024-02-22 05:05:00,WETH/USDT,185084.092013,2927.929353960737,2940.7470405206723,2922.5283255339095,2932.5433880296227
2024-02-22 05:10:00,WETH/USDT,215084.845525,2940.5103402928,2940.653062967908,2922.001420810965,2940.0501742418123
2024-02-22 05:15:00,WETH/USDT,294930.645921,2922.32454101098,2943.222532402696,2922.2588097717858,2925.77273364664
2024-02-22 05:20:00,WETH/USDT,621512.281503,2925.6971130570782,2944.7947492920416,2924.1710381924345,2924.2429926413383
2024-02-22 05:25:00,WETH/USDT,530661.454835,2924.071821327489,2944.2996943918542,2923.9909941129845,2924.344340514885
2024-02-22 05:30:00,WETH/USDT,170527.451727,2924.463269229862,2942.793513476812,2924.463269229862,2925.177384946449
2024-02-22 05:35:00,WETH/USDT,317069.088299,2937.6300326600967,2951.03974711719,2925.177365966804,2925.5536646688624
2024-02-22 05:40:00,WETH/USDT,3242464.444175,2925.1611812554024,3078.5455502825034,2876.0214792038305,2934.6222758228046
2024-02-22 05:45:00,WETH/USDT,706920.052577,2944.014654840925,2945.9982365511573,2919.561492693227,2945.2474276796274
2024-02-22 05:50:00,WETH/USDT,430832.017921,2928.0147492626957,2945.902395851491,2927.6663009338563,2930.9113339235028
2024-02-22 05:55:00,WETH/USDT,299747.455252,2933.9767867002975,2941.614192307542,2923.5580905037173,2934.2124963511797
2024-02-22 06:00:00,WETH/USDT,155020.727029,2941.5008058972167,2945.1468718117712,2923.9402847090614,2933.5608820337898
2024-02-22 06:05:00,WETH/USDT,468696.604309,2944.4588138100967,2962.937147627893,2926.741953396004,2926.741953396004
2024-02-22 06:10:00,WETH/USDT,318808.199036,2926.592311490465,2944.4702830477363,2926.209195026565,2933.980713380578
2024-02-22 06:15:00,WETH/USDT,249002.211977,2925.812714341235,2944.702020153288,2925.798711212973,2932.8582070805696
2024-02-22 06:20:00,WETH/USDT,234930.882996,2943.523824334537,2944.652602801949,2925.92396680275,2943.519661531557
2024-02-22 06:25:00,WETH/USDT,133421.060442,2934.159953953492,2944.921171054396,2925.684468588391,2935.9652688265614
2024-02-22 06:30:00,WETH/USDT,599921.581997,2937.054953347986,2945.0341713395037,2924.479400867441,2940.2786458574697
2024-02-22 06:35:00,WETH/USDT,333762.095978,2945.3056970935527,2948.256416967703,2926.442805649874,2944.2849649923855
2024-02-22 06:40:00,WETH/USDT,64311.157054,2929.127145360614,2948.3581652507405,2929.127145360614,2930.24122513731
2024-02-22 06:45:00,WETH/USDT,1704854.66574,2947.950049519829,2972.407928792852,2930.7766123399206,2959.7124680543816
2024-02-22 06:50:00,WETH/USDT,345145.141303,2960.412507962769,2970.5336198553773,2941.5451542866103,2958.7193785680747
2024-02-22 06:55:00,WETH/USDT,119252.0004,2961.697869451588,2961.75204995101,2943.432340781158,2961.2161044107434
2024-02-22 07:00:00,WETH/USDT,394858.197703,2961.3562914486624,2965.6696740292273,2942.985823668634,2963.6628791429303
2024-02-22 07:05:00,WETH/USDT,251756.33874,2962.140750516466,2965.084381937107,2947.0959982277395,2958.7962914659006
2024-02-22 07:10:00,WETH/USDT,545406.136948,2965.116486539811,2966.9437279046324,2945.8579076765013,2961.5479335236855
2024-02-22 07:15:00,WETH/USDT,1664955.532773,2945.5765609756368,2975.9389232497324,2944.5568933426543,2957.800193997294
2024-02-22 07:20:00,WETH/USDT,634637.87363,2973.6333602160607,2978.0797928080583,2955.2740227363356,2974.8503270115493
2024-02-22 07:25:00,WETH/USDT,377717.734517,2973.2059936460923,2978.9439587383563,2956.921240623633,2974.546292238729
2024-02-22 07:30:00,WETH/USDT,896126.049077,2978.4780118354433,2982.1176970407246,2947.21279694865,2981.822880044601
2024-02-22 07:35:00,WETH/USDT,696099.9524,2964.019380322505,2991.132039486202,2963.987987153431,2973.308129809718
2024-02-22 07:40:00,WETH/USDT,902268.781831,2991.2511906990994,2998.111853505343,2973.300244649566,2996.4001397605157
2024-02-22 07:45:00,WETH/USDT,214225.437658,2996.468991269243,2996.8677323191046,2977.038812384079,2977.9543465969
2024-02-22 07:50:00,WETH/USDT,494977.510105,2994.989780738014,2995.2427549457557,2969.5219876842607,2993.462517892504
2024-02-22 07:55:00,WETH/USDT,272600.489996,2985.1091271238197,2995.4420681395827,2976.493447910233,2992.1577029346495
2024-02-22 08:00:00,WETH/USDT,676307.766772,2977.0223769636323,3000.0076092359905,2976.0273036387807,2978.0542971544883
2024-02-22 08:05:00,WETH/USDT,2275401.974364,3000.0996203438276,3011.841185626161,2975.976292267846,3007.5545021871244
2024-02-22 08:10:00,WETH/USDT,4947655.392819,3008.1544453855468,3043.943256037812,2985.6324300390547,3011.3567384605176
2024-02-22 08:15:00,WETH/USDT,1932604.597652,2993.6530303537234,3012.6437988977123,2987.201744859702,3006.6740837300913
2024-02-22 08:20:00,WETH/USDT,761021.652103,2991.251085647173,3025.50338872396,2991.251085647173,3010.1266527613275
2024-02-22 08:25:00,WETH/USDT,1188736.132303,3007.389146767035,3014.906691048739,2975.5533684288944,2999.09494540784
2024-02-22 08:30:00,WETH/USDT,281354.724108,3015.699004266202,3016.6356415033297,2994.545397216374,2995.8985658471593
2024-02-22 08:35:00,WETH/USDT,452525.728334,3014.311110642877,3014.311110642877,2996.092658897815,3009.881612940752
2024-02-22 08:40:00,WETH/USDT,827067.048797,3014.257606957818,3017.7014485020786,2982.8591169427073,3010.1782427605176
2024-02-22 08:45:00,WETH/USDT,210095.92343,3010.0562048990614,3018.18050892404,2999.154778203626,3013.1957903798293
2024-02-22 08:50:00,WETH/USDT,1212793.279807,2999.1224042435497,3029.0171343006555,2985.9526792647216,3001.396823532907
2024-02-22 08:55:00,WETH/USDT,1413373.331679,3018.511973206072,3024.994073417718,2979.9931207342206,3024.994073417718
2024-02-22 09:00:00,WETH/USDT,396927.477487,3020.74317529091,3025.8278604798634,3003.956349087517,3007.701083259423
2024-02-22 09:05:00,WETH/USDT,225972.395034,3025.887193424307,3026.1027304604518,3005.7410008301526,3025.1959366722995
2024-02-22 09:10:00,WETH/USDT,746674.503748,3017.917761224007,3025.6637878675874,2987.6161674360724,3013.1481429959445
2024-02-22 09:15:00,WETH/USDT,664775.825962,3007.4626336510355,3025.618073682662,2981.3447366879786,3007.1511548534586
2024-02-22 09:20:00,WETH/USDT,651388.896294,3007.045743971677,3040.2634755654294,3007.045743971677,3025.9140917488558
2024-02-22 09:25:00,WETH/USDT,154363.437591,3007.7501223922004,3025.846245794717,3007.2687998989013,3009.86967276536
2024-02-22 09:30:00,WETH/USDT,570598.566976,3007.336591956023,3026.002216398552,3005.6945184618376,3006.6754273781694
2024-02-22 09:35:00,WETH/USDT,483344.276807,3024.735309085741,3026.359202610399,2999.5324616612093,3000.509236466961
2024-02-22 09:40:00,WETH/USDT,387539.034408,3004.204771842766,3018.771952103534,2999.485602654035,3018.771952103534
2024-02-22 09:45:00,WETH/USDT,1522657.604567,3000.6730759418515,3029.3679154882852,2983.5806948653453,3027.5703067179097
2024-02-22 09:50:00,WETH/USDT,1211034.850905,3013.581533528578,3043.1131624706595,2988.4253930216496,3027.859547498166
2024-02-22 09:55:00,WETH/USDT,604685.506465,3028.560190185956,3033.6292109498404,3013.9765330388886,3028.383370594367
2024-02-22 10:00:00,WETH/USDT,1854364.264461,3023.718558937719,3035.118152319516,2986.664587764215,3013.3911715695235
2024-02-22 10:05:00,WETH/USDT,294730.457433,3013.3838619157596,3031.5722890617953,3006.9865858496973,3014.623542015351
2024-02-22 10:10:00,WETH/USDT,1566480.660538,3026.305224100506,3074.4303652826966,2984.031113987275,3015.7086868504553
2024-02-22 10:15:00,WETH/USDT,234453.374245,3009.2010162509937,3031.9998106818443,3009.2010162509937,3013.7986339537024
2024-02-22 10:20:00,WETH/USDT,223985.846483,3014.966899560356,3029.2681716888633,3010.501151098091,3010.501151098091
2024-02-22 10:25:00,WETH/USDT,576276.94734,3014.0538839331534,3029.5071828644695,2981.5193895653897,3010.8485377499987
2024-02-22 10:30:00,WETH/USDT,933644.910052,3013.8923522313316,3028.243979027463,2993.914944538142,3009.5374971519664
2024-02-22 10:35:00,WETH/USDT,1168773.740088,3010.468329717991,3037.3087725430983,3000.614644420747,3002.5641945691946
2024-02-22 10:40:00,WETH/USDT,209343.064885,3002.297502884192,3019.9477935711166,3001.0026950045117,3019.286594919451
2024-02-22 10:45:00,WETH/USDT,972988.78843,3001.091019547838,3019.0712991289806,2989.815471922438,2990.0284702979347
2024-02-22 10:50:00,WETH/USDT,600445.862524,3008.1427638912683,3008.9243809423792,2965.118110610515,3008.9243809423792
2024-02-22 10:55:00,WETH/USDT,194770.446936,3008.94722592972,3008.94722592972,2989.6903321309715,3007.8399231218827
2024-02-22 11:00:00,WETH/USDT,1381028.155144,2989.8297696404393,3023.565074065812,2985.6879765100125,2988.7418418820566
2024-02-22 11:05:00,WETH/USDT,120949.244772,2985.8712808429536,3004.42245074021,2985.670433493488,2988.084337242888
2024-02-22 11:10:00,WETH/USDT,1019039.23566,3004.7678630808355,3005.170091484123,2979.353109244264,2997.922874384923
2024-02-22 11:15:00,WETH/USDT,1297231.922501,2979.815337898546,3011.8841407381337,2971.888608967668,2972.5363646845744
2024-02-22 11:20:00,WETH/USDT,589037.269434,2972.903981754563,2989.804200202544,2971.400660267385,2984.1341333335267
2024-02-22 11:25:00,WETH/USDT,346737.515768,2971.3212670800895,2989.157811613181,2970.6036576326565,2988.6517995699705
2024-02-22 11:30:00,WETH/USDT,382583.670863,2988.7306405302124,2992.2712796091,2973.1379560787923,2992.2712796091
2024-02-22 11:35:00,WETH/USDT,239062.582711,2988.775576429728,2995.5003776342883,2976.30178867079,2995.5003776342883
2024-02-22 11:40:00,WETH/USDT,243474.231402,2989.194327578666,2995.894085111765,2974.331393712061,2986.0721942027967
2024-02-22 11:45:00,WETH/USDT,765444.913449,2996.069771830786,2996.179048731308,2955.5735715008564,2977.573021819159
2024-02-22 11:50:00,WETH/USDT,259691.346124,2984.9462331060486,2996.440371095468,2974.7769400553716,2978.4408828466144
2024-02-22 11:55:00,WETH/USDT,1093939.186375,2978.5419127231103,2996.842113744634,2961.485675114251,2996.7574957714332
2024-02-22 12:00:00,WETH/USDT,241966.81432,2996.823711772262,2997.089583532837,2978.631210119862,2987.659982098864
2024-02-22 12:05:00,WETH/USDT,290642.315152,2990.6391214698824,2997.3071495621225,2979.1162808427603,2997.3071495621225
2024-02-22 12:10:00,WETH/USDT,346160.792324,2996.456354723913,3002.139805417501,2979.0313386482753,2997.213701099554
2024-02-22 12:15:00,WETH/USDT,735442.101807,2997.3731645317716,3004.164939275197,2980.2916338027526,3003.7610191303224
2024-02-22 12:20:00,WETH/USDT,698635.989119,2985.82839946689,3004.987414719133,2971.172494888227,2986.9892214582537
2024-02-22 12:25:00,WETH/USDT,168978.639704,2986.976313888601,3005.123713308243,2986.2204208088056,3005.0191398330253
2024-02-22 12:30:00,WETH/USDT,555256.661945,3005.078804446753,3005.078804446753,2982.409753934303,2982.409753934303
2024-02-22 12:35:00,WETH/USDT,471273.849428,2983.2828049600716,2998.0440710646676,2976.276481427574,2978.790048524627
2024-02-22 12:40:00,WETH/USDT,898926.295404,2976.467613041154,3007.9768916776443,2973.0153819151524,2978.716103246324
2024-02-22 12:45:00,WETH/USDT,351739.019569,2973.442781908445,2991.4417684057657,2972.6488441306897,2975.7635270348387
2024-02-22 12:50:00,WETH/USDT,107443.441496,2972.6596352367624,2990.7239311762114,2972.4146639653886,2990.454069931995
2024-02-22 12:55:00,WETH/USDT,204393.882848,2980.1425570713923,2991.506823529214,2972.994045565967,2973.5840668640853
2024-02-22 13:00:00,WETH/USDT,231868.399241,2979.6947142743124,2991.5454963976063,2972.5234369918235,2981.148422552026
2024-02-22 13:05:00,WETH/USDT,586699.850612,2990.5568502911983,2991.0367514019454,2964.1611832604,2976.12026188433
2024-02-22 13:10:00,WETH/USDT,959266.051813,2977.2601242434935,2991.1896619366885,2967.5324159067372,2985.4552314152265
2024-02-22 13:15:00,WETH/USDT,5395733.30752,2967.529357303154,3109.5979653786203,2890.781957425322,2944.0656667353483
2024-02-22 13:20:00,WETH/USDT,1216359.056107,2948.28829939215,2961.7550145091886,2916.832353200021,2939.8906761863846
2024-02-22 13:25:00,WETH/USDT,244937.560282,2948.726465980888,2957.990417951098,2942.310795825578,2957.990417951098
2024-02-22 13:30:00,WETH/USDT,887681.860075,2950.2261369519606,2966.839065097682,2940.2718293195935,2960.006728843845
2024-02-22 13:35:00,WETH/USDT,1650009.515679,2955.8584607816006,3044.429625479162,2942.3134221637984,2942.3134221637984
2024-02-22 13:40:00,WETH/USDT,398101.443077,2950.0973993143148,2960.4972277292636,2941.792968428152,2941.792968428152
2024-02-22 13:45:00,WETH/USDT,1307157.846542,2942.8374592605123,2959.5424555589575,2930.725926564313,2934.555864484004
2024-02-22 13:50:00,WETH/USDT,705912.997599,2930.468236230692,2948.3400272230488,2926.5173090734297,2948.3345675915275
2024-02-22 13:55:00,WETH/USDT,361936.593572,2940.4447421881964,2948.2490173126353,2930.0719686684647,2930.0719686684647
2024-02-22 14:00:00,WETH/USDT,974768.237596,2947.7257209940567,3005.6801404926587,2930.0641063987214,2941.1588471769896
2024-02-22 14:05:00,WETH/USDT,273096.765032,2949.584640493813,2949.584640493813,2931.4272039963776,2941.880364332333
2024-02-22 14:10:00,WETH/USDT,649178.036371,2946.143641168503,2958.364104224773,2931.396816898118,2952.0906077310715
2024-02-22 14:15:00,WETH/USDT,1212111.048912,2940.1171471921252,3007.1506301587287,2937.306587999331,2947.6487863920174
2024-02-22 14:20:00,WETH/USDT,178096.317768,2946.0700871629624,2957.3748319257884,2937.3081933522776,2957.2706401029964
2024-02-22 14:25:00,WETH/USDT,116064.00954,2947.137398946408,2957.5914329835323,2939.696216470591,2946.710510365575
2024-02-22 14:30:00,WETH/USDT,445833.290484,2939.92067191071,2957.8787576250106,2939.757270385198,2957.8787576250106
2024-02-22 14:35:00,WETH/USDT,783986.433085,2958.061197714639,2963.386174291722,2942.032155417253,2944.689745879418
2024-02-22 14:40:00,WETH/USDT,867280.244114,2962.3901607885773,2967.259495318663,2944.9828102085075,2965.7321813760523
2024-02-22 14:45:00,WETH/USDT,354452.995597,2948.1561029115333,2969.319485397586,2947.8232713066377,2951.189961221941
2024-02-22 14:50:00,WETH/USDT,317929.072131,2968.989030333722,2971.176479261615,2952.5835656455447,2958.3908903108468
2024-02-22 14:55:00,WETH/USDT,509774.131453,2951.4752745830788,2972.265235893955,2950.822443471155,2954.2995873156992
2024-02-22 15:00:00,WETH/USDT,562788.76469,2965.3292812421214,2976.649002462604,2954.1698896376797,2958.832953566292
2024-02-22 15:05:00,WETH/USDT,361903.963151,2974.061080912903,2978.417110570334,2960.45142971956,2960.46610756615
2024-02-22 15:10:00,WETH/USDT,540803.387276,2969.339613821493,2979.220257362262,2960.2070869265604,2978.3937456305684
2024-02-22 15:15:00,WETH/USDT,244897.758891,2960.5464310394023,2978.1802772942583,2959.3603603380684,2977.1990430976957
2024-02-22 15:20:00,WETH/USDT,370024.416701,2966.821167683,2977.6500839561622,2959.2193509651133,2959.6280630619417
2024-02-22 15:25:00,WETH/USDT,167527.047268,2959.582653554527,2977.5030638274443,2959.0864437268006,2977.5030638274443
2024-02-22 15:30:00,WETH/USDT,1872012.323892,2959.655056962858,2993.793161103273,2959.655056962858,2975.740918499646
2024-02-22 15:35:00,WETH/USDT,736872.32968,2991.0855081725517,2996.7202325204453,2977.767135161968,2993.701724534813
2024-02-22 15:40:00,WETH/USDT,632365.727696,2991.2484358555134,2996.0465443792036,2977.9893942656654,2996.0465443792036
2024-02-22 15:45:00,WETH/USDT,389833.714235,2983.950403574273,2996.596317223101,2977.5176599876118,2977.5176599876118
2024-02-22 15:50:00,WETH/USDT,261010.524457,2977.42232176403,2995.3650274354654,2975.7990295229106,2981.314810883611
2024-02-22 15:55:00,WETH/USDT,146174.505857,2975.9185562193393,2993.4995355025035,2975.451343216267,2993.4995355025035
2024-02-22 16:00:00,WETH/USDT,275143.968915,2983.326836642758,2993.2334728324977,2974.9318810933787,2984.4286417918624
2024-02-22 16:05:00,WETH/USDT,527508.028929,2975.2669137635967,2996.1409726524353,2974.684337384678,2978.1445372001053
2024-02-22 16:10:00,WETH/USDT,243750.12963,2988.2913086219733,2996.2476460376784,2978.216851844399,2986.2785341092745
2024-02-22 16:15:00,WETH/USDT,1094171.312261,2978.3529202736936,2996.3481762025476,2972.9133274703227,2976.160863257956
2024-02-22 16:20:00,WETH/USDT,1160380.135267,2973.134819864012,2977.4877748408294,2962.436499713095,2971.7467933722555
2024-02-22 16:25:00,WETH/USDT,354741.893353,2963.5497814042283,2982.1619694574892,2962.9970166009534,2982.1619694574892
2024-02-22 16:30:00,WETH/USDT,250559.304805,2965.9311201215655,2981.911590799336,2963.9815314681946,2974.183986820795
2024-02-22 16:35:00,WETH/USDT,369691.91494,2974.6340594288486,2983.816319335626,2965.5982185597827,2965.888572585569
2024-02-22 16:40:00,WETH/USDT,69647.392054,2965.9513283970214,2984.1763242488287,2965.9513283970214,2974.482284442234
2024-02-22 16:45:00,WETH/USDT,297717.968498,2984.319110999876,2984.7336277785125,2965.575702266466,2966.6105432311733
2024-02-22 16:50:00,WETH/USDT,784723.299355,2984.4468136677565,2995.6200243294675,2962.412849602034,2962.412849602034
2024-02-22 16:55:00,WETH/USDT,851953.41471,2962.3153993869037,2979.2224598319044,2938.4708791983726,2961.443133863759
2024-02-22 17:00:00,WETH/USDT,965224.358632,2961.400255220069,3004.4107352875662,2960.5008714680466,2960.5008714680466
2024-02-22 17:05:00,WETH/USDT,725977.09858,2960.459314018203,2990.695279062347,2960.459314018203,2976.074149386366
2024-02-22 17:10:00,WETH/USDT,1361110.398619,2975.6173977473345,3010.5651728455427,2964.5179582556602,2975.867211336632
2024-02-22 17:15:00,WETH/USDT,172165.066481,2983.140264941356,2983.5035399732487,2965.371942993174,2979.463597889012
2024-02-22 17:20:00,WETH/USDT,519610.663768,2965.21530426613,2988.228704730478,2965.21530426613,2983.7629372450606
